generation,hypervolume
1,0.0366459775320803
2,0.03664597753208038
3,0.03664597753208038
4,0.03664597753208038
5,0.03664597753208038
6,0.03664597753208038
7,0.03664597753208038
8,0.03664597753208038
9,0.03664597753208038
10,0.03664597753208038
11,0.03664597753208038
12,0.03664597753208038
13,0.03664597753208038
14,0.03664597753208038
15,0.03664597753208038
16,0.03664597753208038
17,0.03664597753208038
18,0.03664597753208038
19,0.03664597753208038
20,0.03664597753208038
21,0.03664597753208038
22,0.03664597753208038
23,0.03664597753208038
24,0.03664597753208038
25,0.03664597753208038
26,0.03664597753208038
27,0.03664597753208038
28,0.03664597753208038
29,0.03664597753208038
30,0.03664597753208038
31,0.03664597753208038
32,0.03664597753208038
33,0.03664597753208038
34,0.03664597753208038
35,0.03664597753208038
36,0.03664597753208038
37,0.03664597753208038
38,0.03664597753208038
39,0.03664597753208038
40,0.03664597753208038
41,0.03664597753208038
42,0.03664597753208038
43,0.03664597753208038
44,0.03664597753208038
45,0.03664597753208038
46,0.03664597753208038
47,0.03664597753208038
48,0.03664597753208038
49,0.03664597753208038
50,0.03664597753208038
51,0.03664597753208038
52,0.03664597753208038
53,0.03664597753208038
54,0.03664597753208038
55,0.03664597753208038
56,0.03664597753208038
57,0.03664597753208038
58,0.03664597753208038
59,0.03664597753208038
60,0.03664597753208038
61,0.03664597753208038
62,0.03664597753208038
63,0.03664597753208038
64,0.03664597753208038
65,0.03664597753208038
66,0.03664597753208038
67,0.03664597753208038
68,0.03664597753208038
69,0.036645977532080425
70,0.036645977532080425
71,0.036645977532080425
72,0.036645977532080425
73,0.036645977532080425
74,0.036645977532080425
75,0.036645977532080425
76,0.036645977532080425
77,0.036645977532080425
78,0.036645977532080425
79,0.036645977532080425
80,0.036645977532080425
81,0.036645977532080425
82,0.036645977532080425
83,0.036645977532080425
84,0.036645977532080425
85,0.036645977532080425
86,0.036645977532080425
87,0.036645977532080425
88,0.036645977532080425
89,0.036645977532080425
90,0.036645977532080425
91,0.036645977532080425
92,0.036645977532080425
93,0.036645977532080425
94,0.036645977532080425
95,0.036645977532080425
96,0.036645977532080425
97,0.036645977532080425
98,0.036645977532080425
99,0.036645977532080425
100,0.036645977532080425
101,0.036645977532080425
102,0.036645977532080425
103,0.036645977532080425
104,0.036645977532080425
105,0.036645977532080425
106,0.036645977532080425
107,0.036645977532080425
108,0.036645977532080425
109,0.036645977532080425
110,0.036645977532080425
111,0.036645977532080425
112,0.036645977532080425
113,0.036645977532080425
114,0.036645977532080425
115,0.036645977532080425
116,0.036645977532080425
117,0.036645977532080425
118,0.036645977532080425
119,0.036645977532080425
120,0.036645977532080425
121,0.036645977532080425
122,0.036645977532080425
123,0.036645977532080425
124,0.036645977532080425
125,0.036645977532080425
126,0.036645977532080425
127,0.036645977532080425
128,0.036645977532080425
129,0.036645977532080425
130,0.036645977532080425
131,0.036645977532080425
132,0.036645977532080425
133,0.036645977532080425
134,0.036645977532080425
135,0.036645977532080425
136,0.036645977532080425
137,0.036645977532080425
138,0.036645977532080425
139,0.036645977532080425
140,0.036645977532080425
141,0.036645977532080425
142,0.036645977532080425
143,0.036645977532080425
144,0.036645977532080425
145,0.036645977532080425
146,0.036645977532080425
147,0.036645977532080425
148,0.036645977532080425
149,0.036645977532080425
150,0.036645977532080425
151,0.036645977532080425
152,0.036645977532080425
153,0.036645977532080425
154,0.036645977532080425
155,0.036645977532080425
156,0.036645977532080425
157,0.036645977532080425
158,0.036645977532080425
159,0.036645977532080425
160,0.036645977532080425
161,0.036645977532080425
162,0.036645977532080425
163,0.036645977532080425
164,0.036645977532080425
165,0.036645977532080425
166,0.036645977532080425
167,0.036645977532080425
168,0.036645977532080425
169,0.036645977532080425
170,0.036645977532080425
171,0.036645977532080425
172,0.036645977532080425
173,0.036645977532080425
174,0.036645977532080425
175,0.036645977532080425
176,0.036645977532080425
177,0.036645977532080425
178,0.036645977532080425
179,0.036645977532080425
180,0.036645977532080425
181,0.036645977532080425
182,0.036645977532080425
183,0.036645977532080425
184,0.036645977532080425
185,0.036645977532080425
186,0.036645977532080425
187,0.036645977532080425
188,0.036645977532080425
189,0.036645977532080425
190,0.036645977532080425
191,0.036645977532080425
192,0.036645977532080425
193,0.036645977532080425
194,0.036645977532080425
195,0.036645977532080425
196,0.036645977532080425
197,0.036645977532080425
198,0.036645977532080425
199,0.036645977532080425
200,0.036645977532080425
